first_name,price,category,description
Babb,16.99,Home,Coffee for sale
Jourdain,19.99,Kitchen,Coffee for sale
Konstantine,59.99,Health,Coffee for sale
Stefan,19.99,Automotive,Coffee for sale
Birgit,14.99,Art Supplies,Coffee for sale
Gregoor,19.99,Smart Home,Coffee for sale
Pieter,5.99,Food - Frozen Foods,Coffee for sale
Boris,1.99,Food - Dairy Alternatives,Coffee for sale
Christabel,2.49,Food - Baking,Coffee for sale
Tomaso,34.99,Kitchen,Coffee for sale
Brunhilda,4.99,Food - Bakery,Coffee for sale
Elijah,129.99,Clothing - Outerwear,Coffee for sale
Donovan,2.99,Food - Condiments,Coffee for sale
Petronia,2.79,Food - Beverages,Coffee for sale
Micheal,14.99,Pets,Coffee for sale
Saudra,19.99,Beauty,Coffee for sale
Aline,39.99,Kitchen,Coffee for sale
Ryan,29.99,Clothing - Accessories,Coffee for sale
Rochelle,9.49,Food - Bakery,Coffee for sale
Bethanne,3.29,Food - Condiments,Coffee for sale
Billi,4.99,Food - Condiments,Coffee for sale
Diahann,89.99,Kitchen,Coffee for sale
Ivy,39.99,Pets,Coffee for sale
Alwin,39.99,Audio,Coffee for sale
Angelle,44.99,Kitchen,Coffee for sale
Anson,18.99,Art Supplies,Coffee for sale
Mathew,129.99,Toys,Coffee for sale
Vinny,19.99,Office,Coffee for sale
Franz,14.99,Travel,Coffee for sale
Melvin,4.29,Food - Condiments,Coffee for sale
Ezri,5.49,Food - Meat,Coffee for sale
Augusta,3.99,Food - Salads,Coffee for sale
Geordie,14.99,Kitchen,Coffee for sale
Alberta,39.99,Home,Coffee for sale
Ruperta,2.79,Food - Produce,Coffee for sale
Finley,39.99,Home Improvement,Coffee for sale
Cacilie,39.99,Toys,Coffee for sale
Velma,0.99,Food - Pasta,Coffee for sale
Agata,14.99,Kitchen,Coffee for sale
Tedman,29.99,Home,Coffee for sale
Hayward,2.89,Food - Snacks,Coffee for sale
Chelsey,24.99,Outdoor,Coffee for sale
Darla,49.99,Outdoor,Coffee for sale
Carmine,6.99,Food - Baking,Coffee for sale
Horst,4.99,Food - Prepared Foods,Coffee for sale
Celina,4.99,Food - Snacks,Coffee for sale
Bartel,3.99,Food - Beverages,Coffee for sale
Paolina,29.99,Outdoor,Coffee for sale
Vikky,34.99,Kitchen,Coffee for sale
Judie,29.99,Clothing - Activewear,Coffee for sale
Stephen,6.49,Food - Snacks,Coffee for sale
Haily,34.99,Clothing - Bottoms,Coffee for sale
Inga,2.49,Food - Condiments,Coffee for sale
Rafi,3.99,Food - Canned Goods,Coffee for sale
Kirbee,5.99,Food - Beverages,Coffee for sale
Joyann,2.29,Food - Vegetables,Coffee for sale
Karola,5.59,Food - Baking,Coffee for sale
Almeda,24.99,Smart Home,Coffee for sale
Noel,29.99,Smart Home,Coffee for sale
Dalila,99.99,Accessories,Coffee for sale
Ced,3.99,Food - Bakery,Coffee for sale
Salomon,29.99,Home,Coffee for sale
Leann,4.99,Food - Frozen Foods,Coffee for sale
Edd,4.29,Food - Baking,Coffee for sale
Jessamine,3.49,Food - Snacks,Coffee for sale
Shelbi,3.49,Food - Snacks,Coffee for sale
Rubetta,12.99,Automotive,Coffee for sale
Trueman,12.99,Food - Snacks,Coffee for sale
Florentia,12.99,Food - Household,Coffee for sale
Greta,54.99,Beauty,Coffee for sale
Adriana,49.99,Clothing - Tops,Coffee for sale
Celine,3.49,Food - Dairy,Coffee for sale
Violetta,24.99,Accessories,Coffee for sale
Sophronia,14.99,Art Supplies,Coffee for sale
Arron,3.29,Food - Condiments,Coffee for sale
Oberon,1.99,Food - Confectionery,Coffee for sale
Natalya,44.99,Clothing - Outerwear,Coffee for sale
Ginevra,7.49,Food - Meat,Coffee for sale
Dewie,69.99,Audio,Coffee for sale
Dimitry,9.99,Food - Seafood,Coffee for sale
Idalia,6.49,Food - Gourmet Rice,Coffee for sale
Essy,4.49,Food - Snacks,Coffee for sale
Raynard,39.99,Home,Coffee for sale
Denny,1.99,Food - Vegetables,Coffee for sale
Rhoda,24.99,Toys,Coffee for sale
Tabbie,4.99,Food - Frozen Foods,Coffee for sale
Alexa,7.99,Food - Canned Soups,Coffee for sale
Ilysa,44.99,Clothing - Bottoms,Coffee for sale
Carmon,15.99,Automotive,Coffee for sale
Lambert,5.99,Food - Frozen Foods,Coffee for sale
Gabie,39.99,Outdoor,Coffee for sale
Anderson,25,Beauty,Coffee for sale
Sidonia,44.99,Fitness,Coffee for sale
Rockey,4.19,Food - Pasta,Coffee for sale
Ole,8.99,Food - Meat,Coffee for sale
Blake,49.99,Clothing,Coffee for sale
Northrup,3.49,Food - Snacks,Coffee for sale
Suzie,7.99,Food - Canned Soups,Coffee for sale
Ermentrude,12.99,Home,Coffee for sale
Edmon,2.99,Food - Dairy,Coffee for sale
Yard,3.49,Food - Snacks,Coffee for sale
Diego,18.99,Kitchen,Coffee for sale
Cornelius,7.19,Food - Snacks,Coffee for sale
Lannie,2.79,Food - Produce,Coffee for sale
Jaimie,5.99,Food - Beverages,Coffee for sale
Parsifal,15.99,Pets,Coffee for sale
Vale,4.59,Food - Snacks,Coffee for sale
Augustine,29.99,Beauty,Coffee for sale
Ferrell,3.59,Food - Grains,Coffee for sale
Alysia,14.99,Automotive,Coffee for sale
Ilysa,39.99,Toys,Coffee for sale
Davita,2.89,Food - Snacks,Coffee for sale
Tyrone,99.99,Beauty,Coffee for sale
Xenos,14.99,Books,Coffee for sale
Crissy,7.99,Food - Meal Kits,Coffee for sale
Iona,1.49,Food - Produce,Coffee for sale
Archibaldo,2.79,Food - Condiments,Coffee for sale
Konstantine,8.99,Food - Oils,Coffee for sale
Kristo,29.99,Office,Coffee for sale
Paco,49.99,Kitchen,Coffee for sale
Mirilla,19.99,Outdoor,Coffee for sale
Phyllys,4.99,Food - Vegetables,Coffee for sale
Madonna,5.49,Food - Bakery,Coffee for sale
Tyler,6.49,Food - Frozen,Coffee for sale
Ellyn,3.99,Food - Bakery,Coffee for sale
Darbie,7.49,Food - Frozen Foods,Coffee for sale
Giacinta,3.99,Food - Meat,Coffee for sale
Aguie,29.99,Accessories,Coffee for sale
Gilberta,6.99,Food - Meat,Coffee for sale
Archy,22.99,Toys,Coffee for sale
Algernon,19.99,Kitchen,Coffee for sale
Elsey,29.99,Kitchen,Coffee for sale
Otis,4.29,Food - Condiments,Coffee for sale
Hortense,18.99,Art Supplies,Coffee for sale
Brita,3.59,Food - Grains,Coffee for sale
Martino,49.99,Accessories,Coffee for sale
Homerus,69.99,Health,Coffee for sale
Olivette,2.29,Food - Desserts,Coffee for sale
Prent,39.99,Audio,Coffee for sale
Gale,22.99,Crafts,Coffee for sale
Dylan,4.99,Food - Salads,Coffee for sale
Tabby,5.99,Food - Frozen Meals,Coffee for sale
Jorrie,25.99,Home,Coffee for sale
Hershel,9.99,Food - Seafood,Coffee for sale
Archambault,29.99,Kitchen,Coffee for sale
Aile,1.29,Food - Prepared Meals,Coffee for sale
Myrah,19.99,Smart Home,Coffee for sale
Carmelle,14.99,Pets,Coffee for sale
Natty,3.49,Food - Deli,Coffee for sale
Kariotta,149.99,Outdoor,Coffee for sale
Meggi,2.99,Food - Snacks,Coffee for sale
Boot,34.99,Outdoor,Coffee for sale
Gibby,34.99,Outdoor,Coffee for sale
Emiline,3.29,Food - Beverages,Coffee for sale
Cammy,19.99,Home,Coffee for sale
Clary,59.99,Garden,Coffee for sale
Evania,69.99,Audio,Coffee for sale
Yankee,4.29,Food - Frozen Foods,Coffee for sale
Robbin,5.79,Food - Prepared Foods,Coffee for sale
Eldon,3.49,Food - Snacks,Coffee for sale
Sim,39.99,Pets,Coffee for sale
Collen,3.99,Food - Fresh Produce,Coffee for sale
Gawain,3.99,Food - Frozen Foods,Coffee for sale
Miranda,4.99,Food - Breakfast,Coffee for sale
Elvis,12.99,Travel,Coffee for sale
Valentina,149.99,Outdoor,Coffee for sale
Lyndsie,89.99,Clothing,Coffee for sale
Dwight,19.99,Kitchen,Coffee for sale
Howard,29.99,Toys,Coffee for sale
Neall,10.99,Toys,Coffee for sale
Merwin,3.29,Food - Seasonings,Coffee for sale
Roxy,299.99,Outdoor,Coffee for sale
Natty,4.99,Food - Frozen,Coffee for sale
Gayler,29.99,Kitchen,Coffee for sale
Kimble,34.99,Toys,Coffee for sale
Tann,4.29,Food - Deli,Coffee for sale
Lanette,5.99,Food - Snacks,Coffee for sale
Abey,14.99,Books,Coffee for sale
Freda,22.99,Kitchen,Coffee for sale
Ximenez,4.29,Food - Sauces,Coffee for sale
Morgen,24.99,Garden,Coffee for sale
Cletis,4.29,Food - Snacks,Coffee for sale
Leyla,4.99,Food - Salads,Coffee for sale
Martie,8.99,Food - Seafood,Coffee for sale
Vannie,19.99,Automotive,Coffee for sale
Gerardo,4.49,Food - Snacks,Coffee for sale
Kristan,7.99,Food - Health Foods,Coffee for sale
Richie,2.29,Food - Grains,Coffee for sale
Ram,2.49,Food - Dressings,Coffee for sale
Nanice,3.29,Food - Bakery,Coffee for sale
Any,119.99,Smart Home,Coffee for sale
Eyde,29.99,Toys,Coffee for sale
Ilene,5.99,Food - Prepared Foods,Coffee for sale
Laure,6.49,Food - Prepared Meals,Coffee for sale
Huntington,15.99,Fitness,Coffee for sale
Malorie,19.99,Outdoor,Coffee for sale
Erik,3.79,Food - Condiments,Coffee for sale
Neron,49.99,Fitness,Coffee for sale
Lewes,5.99,Food - Prepared Meals,Coffee for sale
Sammy,29.99,Food,Coffee for sale
Sherie,24.99,Garden,Coffee for sale
Aleen,5.99,Food - Frozen Foods,Coffee for sale
Kelsey,3.29,Food - Soups,Coffee for sale
Prentice,14.99,Food - Frozen Meals,Coffee for sale
Piper,12.99,Garden,Coffee for sale
Gilbertina,39.99,Pets,Coffee for sale
Colet,15.99,Kitchen,Coffee for sale
Phaedra,2.99,Food - Snacks,Coffee for sale
Miriam,19.99,Health,Coffee for sale
Win,25.99,Home,Coffee for sale
Mervin,2.49,Food - Frozen,Coffee for sale
Solly,2.99,Food - Condiments,Coffee for sale
Bibi,12.99,Kitchen,Coffee for sale
Mei,39.99,Pets,Coffee for sale
Egon,5.49,Food - Snacks,Coffee for sale
Shannan,14.99,Garden,Coffee for sale
Malcolm,29.99,Outdoor,Coffee for sale
Jourdan,39.99,Tools,Coffee for sale
Marita,6.29,Food - Freezer,Coffee for sale
Stanislaw,3.99,Food - Produce,Coffee for sale
Christy,3.79,Food - Baking,Coffee for sale
Elora,69.99,Outdoor,Coffee for sale
Vasily,8.99,Food - Oils,Coffee for sale
Orsa,19.99,Clothing - Tops,Coffee for sale
Barron,49.99,Kitchen,Coffee for sale
Carlota,2.49,Food - Condiments,Coffee for sale
Xylia,4.99,Food - Snacks,Coffee for sale
Guenevere,24.99,Garden,Coffee for sale
Candie,99.99,Kitchen,Coffee for sale
Mace,3.59,Food - Bakery,Coffee for sale
Catriona,12.99,Automotive,Coffee for sale
Flemming,1.29,Food - Sauces,Coffee for sale
Avram,2.59,Food - Condiments,Coffee for sale
Abbe,12.99,Home,Coffee for sale
Myrna,3.99,Food - Snacks,Coffee for sale
Cori,5.29,Food - Condiments,Coffee for sale
Marjory,2.99,Food - Nuts,Coffee for sale
Dreddy,149.99,Pets,Coffee for sale
Guy,5.49,Food - Breakfast,Coffee for sale
Lind,2.29,Food - Spices,Coffee for sale
Robers,4.29,Food - Condiments,Coffee for sale
Laurens,3.29,Food - Dips,Coffee for sale
Wakefield,24.99,Accessories,Coffee for sale
Luella,1.99,Food - Frozen Foods,Coffee for sale
Xymenes,6.49,Food - Frozen Food,Coffee for sale
Durand,22.99,Fitness,Coffee for sale
Siegfried,29.99,Electronics,Coffee for sale
Markos,3.59,Food - Snacks,Coffee for sale
Abbie,5.49,Food - Frozen Meals,Coffee for sale
Tania,9.99,Food - Cooking Kits,Coffee for sale
Joseph,6.99,Food - Frozen Foods,Coffee for sale
Jennifer,2.49,Food - Breakfast,Coffee for sale
Debora,6.99,Food - Frozen Desserts,Coffee for sale
Brina,1.49,Food - Produce,Coffee for sale
Tammara,2.49,Food - Canned Goods,Coffee for sale
Ellette,12.99,Automotive,Coffee for sale
Traver,19.99,Health,Coffee for sale
Tracee,25.99,Clothing - Tops,Coffee for sale
Luce,29.99,Clothing - Tops,Coffee for sale
Nichole,45.99,Clothing - Outerwear,Coffee for sale
Katina,14.99,Clothing,Coffee for sale
Allan,7.99,Food - Health Foods,Coffee for sale
Kip,39.99,Electronics,Coffee for sale
Michaella,39.99,Beauty,Coffee for sale
Monika,3.79,Food - Snacks,Coffee for sale
Mommy,59.99,Garden,Coffee for sale
Skelly,5.49,Food - Meat,Coffee for sale
Thalia,4.99,Food - Frozen Foods,Coffee for sale
Don,5.99,Food - Salads,Coffee for sale
Clevey,22.99,Outdoor,Coffee for sale
Ralina,89.99,Office,Coffee for sale
Micheline,19.99,Food,Coffee for sale
Nari,3.29,Food - Bakery,Coffee for sale
Krystal,4.99,Food - Beverages,Coffee for sale
Hedda,19.99,Toys,Coffee for sale
Magnum,2.29,Food - Snacks,Coffee for sale
Vonni,24.99,Pets,Coffee for sale
Lelia,39.99,Kitchen,Coffee for sale
Christine,99.99,Clothing - Outerwear,Coffee for sale
Hermann,12.99,Food - Snacks,Coffee for sale
Stearn,12.99,Kitchen,Coffee for sale
Stephanus,29.99,Audio,Coffee for sale
Norman,18.99,Garden,Coffee for sale
Merrie,19.99,Accessories,Coffee for sale
Bart,19.99,Home,Coffee for sale
Ernst,3.29,Food - Dairy,Coffee for sale
Jessey,9.99,Food - Meats,Coffee for sale
Edan,39.99,Home,Coffee for sale
Mora,3.29,Food - Snacks,Coffee for sale
Raine,4.49,Food - Produce,Coffee for sale
Dulci,9.99,Kitchen,Coffee for sale
Kizzee,19.99,Outdoor,Coffee for sale
Marybelle,2.99,Food - Breakfast,Coffee for sale
Maddy,2.49,Food - Baking,Coffee for sale
Cissy,6.99,Pets,Coffee for sale
Cozmo,3.29,Food - Baking,Coffee for sale
Nicol,49.99,Accessories,Coffee for sale
Ginelle,3.49,Food - Snacks,Coffee for sale
Galen,12.99,Fitness,Coffee for sale
Tyler,2.99,Food - Snacks,Coffee for sale
Emmey,2.49,Food - Spices,Coffee for sale
Dilly,29.99,Photography,Coffee for sale
Elfrida,49.99,Audio,Coffee for sale
Menard,59.99,Health,Coffee for sale
Remus,24.99,Fitness,Coffee for sale
Leonora,5.99,Food - Snacks,Coffee for sale
Dirk,5.29,Food - Condiments,Coffee for sale
Osborne,4.99,Food - Frozen Foods,Coffee for sale
Guthry,2.99,Food - Deli,Coffee for sale
Philipa,89.99,Kitchen,Coffee for sale
Anastassia,2.99,Food - Deli,Coffee for sale
Darb,3.49,Food - Condiments,Coffee for sale
Cordie,2.49,Food - Condiments,Coffee for sale
Mair,4.99,Food - Confectionery,Coffee for sale
Maxie,4.99,Food - Frozen Foods,Coffee for sale
Clarita,3.29,Food - Dairy,Coffee for sale
Chloris,14.99,Pets,Coffee for sale
Mariam,5.99,Food - Snacks,Coffee for sale
Emiline,24.99,Apps,Coffee for sale
Obie,3.49,Food - Condiments,Coffee for sale
Karie,2.99,Food - Snacks,Coffee for sale
Colly,29.99,Clothing - Bottoms,Coffee for sale
Aldrich,24.99,Outdoor,Coffee for sale
Erroll,7.99,Food - Freezer,Coffee for sale
Tara,2.99,Food - Spices,Coffee for sale
Doyle,2.99,Food - Snacks,Coffee for sale
Noreen,19.99,Office,Coffee for sale
Arne,3.99,Food - Produce,Coffee for sale
Jacquie,2.79,Food - Condiments,Coffee for sale
Rudolf,3.79,Food - Baking,Coffee for sale
Berthe,15.99,Clothing - Accessories,Coffee for sale
Hilton,34.99,Beauty,Coffee for sale
Nefen,22,Kitchen,Coffee for sale
Hilde,29.99,Home,Coffee for sale
Colver,9.99,Food - Seafood,Coffee for sale
Ephrayim,19.99,Kitchen,Coffee for sale
Bald,3.99,Food - Fresh Produce,Coffee for sale
Talbot,14.99,Pets,Coffee for sale
Slade,3.99,Food - Condiments,Coffee for sale
Darrelle,4.29,Food - Dips,Coffee for sale
Sarina,27.99,Toys,Coffee for sale
Sigmund,1.99,Food - Condiments,Coffee for sale
Dewie,2.49,Food - Grains,Coffee for sale
Hurlee,89.99,Kitchen,Coffee for sale
Christal,89.99,Clothing - Footwear,Coffee for sale
Willetta,59.99,Health,Coffee for sale
Cordelia,29.99,Outdoor,Coffee for sale
Daryl,34.99,Toys,Coffee for sale
Petunia,49.99,Electronics,Coffee for sale
Amy,10.99,Accessories,Coffee for sale
Reece,49.99,Accessories,Coffee for sale
Yanaton,199.99,Furniture,Coffee for sale
Winny,4.29,Food - Condiments,Coffee for sale
Brant,3.79,Food - Marinades,Coffee for sale
Ashil,3.99,Food - Frozen Foods,Coffee for sale
Verge,2.79,Food - Confectionery,Coffee for sale
Sibby,7.49,Food - Frozen,Coffee for sale
Reube,18.99,Pets,Coffee for sale
Hazlett,4.89,Food - Frozen Fruits,Coffee for sale
Skippie,3.29,Food - Sauces,Coffee for sale
Ellis,2.99,Food - Spices,Coffee for sale
Kissiah,4.29,Food - Snacks,Coffee for sale
Benedict,3.69,Food - Condiments,Coffee for sale
Hakeem,5.99,Food - Dairy,Coffee for sale
Kriste,34.99,Home,Coffee for sale
Edith,3.99,Food - Condiments,Coffee for sale
Beck,9.99,Food - Bakery,Coffee for sale
Keslie,5.49,Food - Dairy,Coffee for sale
Derward,5.99,Food - Snacks,Coffee for sale
Waldo,24.99,Home,Coffee for sale
Anderson,3.89,Food - Dairy Alternatives,Coffee for sale
West,29.99,Home,Coffee for sale
Molly,15.99,Fitness,Coffee for sale
Bendicty,49.99,Outdoor,Coffee for sale
Tony,10.99,Pets,Coffee for sale
Lelah,5.99,Food - Dips,Coffee for sale
Effie,29.99,Home,Coffee for sale
Gregorio,2.49,Food - Canned Goods,Coffee for sale
Judas,2.69,Food - Dressings,Coffee for sale
Giulietta,4.99,Food - Cereal,Coffee for sale
Myca,79.99,Home,Coffee for sale
Dwight,16.99,Home,Coffee for sale
Jessie,12.99,Garden,Coffee for sale
Curtis,14.99,Toys,Coffee for sale
Estel,3.99,Food - Canned Goods,Coffee for sale
Montague,19.99,Office,Coffee for sale
Orelee,2.59,Food - Sauces,Coffee for sale
Rex,29.99,Food,Coffee for sale
Osborn,4.99,Food - Baking,Coffee for sale
Sayer,39.99,Office,Coffee for sale
Hymie,2.99,Food - Dairy,Coffee for sale
Roxine,3.5,Food - Snacks,Coffee for sale
Hewe,29.99,Audio,Coffee for sale
Therine,6.99,Food - Frozen,Coffee for sale
Lynnet,39.99,Health,Coffee for sale
Hilarius,19.99,Pets,Coffee for sale
Della,3.79,Food - Pasta,Coffee for sale
Herrick,4.99,Food - Frozen Desserts,Coffee for sale
Kellsie,2.29,Food - Grains,Coffee for sale
Cordey,1.29,Food - Prepared Meals,Coffee for sale
Marla,49.99,Audio,Coffee for sale
Anjanette,19.99,Garden,Coffee for sale
Erminia,3.49,Food - Snacks,Coffee for sale
Manon,22.99,Garden,Coffee for sale
Husain,9.49,Food - Bakery,Coffee for sale
Elonore,59.99,Outdoor,Coffee for sale
Herta,3.59,Food - Pantry,Coffee for sale
Adelice,19.99,Kitchen,Coffee for sale
Hurley,2.79,Food - Bread,Coffee for sale
Casper,9.49,Food - Bakery,Coffee for sale
Ina,89.99,Footwear,Coffee for sale
Monica,5.99,Food - Frozen Foods,Coffee for sale
Morton,25,Beauty,Coffee for sale
Giavani,4.29,Food - Snacks,Coffee for sale
Jessa,7.49,Food - Frozen Foods,Coffee for sale
Piotr,3.99,Food - Snacks,Coffee for sale
Maxie,3.99,Food - Breakfast,Coffee for sale
Ertha,6.99,Food - Meat,Coffee for sale
Dee,29.99,Outdoor,Coffee for sale
Cathi,29.99,Home,Coffee for sale
Dwain,6.49,Food - Gourmet Rice,Coffee for sale
Mitchell,12.99,Kitchen,Coffee for sale
Lou,29.99,Kitchen,Coffee for sale
Gratiana,29.99,Fitness,Coffee for sale
Tucker,129.99,Home,Coffee for sale
Pearla,29.99,Travel,Coffee for sale
Gram,4.99,Food - Snacks,Coffee for sale
Kain,2.99,Food - Fresh Produce,Coffee for sale
Sada,29.99,Photography,Coffee for sale
Rebekah,2.99,Food - Snacks,Coffee for sale
Igor,2.49,Food - Grains,Coffee for sale
Kristos,2.99,Food - Condiments,Coffee for sale
Blane,25,Fitness,Coffee for sale
Tynan,29.99,Kitchen,Coffee for sale
Erich,18.99,Kitchen,Coffee for sale
Chandler,6.89,Food - Baking,Coffee for sale
Aili,24.99,Home,Coffee for sale
Filberto,2.99,Food - Canned Goods,Coffee for sale
Zorana,49.99,Accessories,Coffee for sale
Patrizius,3.99,Food - Snacks,Coffee for sale
Brigida,12.99,Electronics,Coffee for sale
Klara,34.99,Home,Coffee for sale
Goraud,69.99,Clothing - Footwear,Coffee for sale
Charmian,8.99,Food - Prepared Meals,Coffee for sale
Elaina,5.99,Food - Frozen Foods,Coffee for sale
Valle,24.99,Pets,Coffee for sale
Devlin,4.49,Food - Salads,Coffee for sale
Chloris,14.99,Toys,Coffee for sale
Kip,19.99,Pets,Coffee for sale
Becki,89.99,Kitchen,Coffee for sale
Cirstoforo,9.49,Food - Meat,Coffee for sale
Karol,69.99,Accessories,Coffee for sale
Juliana,59.99,Outdoor,Coffee for sale
Rosmunda,2.99,Food - Dairy,Coffee for sale
Ulrika,3.49,Food - Condiments,Coffee for sale
Harald,1.69,Food - Canned Goods,Coffee for sale
Antone,19.99,Outdoor,Coffee for sale
Maxie,8.49,Food - Prepared Foods,Coffee for sale
Marjie,5.29,Food - Condiments,Coffee for sale
Simone,4.99,Food - Spreads,Coffee for sale
Devan,6.49,Food - Prepared Meals,Coffee for sale
Constantino,4.19,Food - Seafood,Coffee for sale
Susie,4.99,Food - Frozen Foods,Coffee for sale
Guthry,24.99,Kitchen,Coffee for sale
Mora,39.99,Kitchen,Coffee for sale
Darice,1.99,Food - Produce,Coffee for sale
Fiona,6.99,Food - Frozen Foods,Coffee for sale
Larine,1.89,Food - Canned Goods,Coffee for sale
Paola,29.99,Kitchen,Coffee for sale
Kerri,24.99,Food - Health/Protein,Coffee for sale
Elinore,2.99,Food - Soups,Coffee for sale
Pryce,2.49,Food - Condiments,Coffee for sale
Coriss,34.99,Accessories,Coffee for sale
Celeste,19.99,Electronics,Coffee for sale
Kara-lynn,34.99,Clothing - Activewear,Coffee for sale
Barbee,34.99,Outdoor,Coffee for sale
Eddy,4.49,Food - Frozen Foods,Coffee for sale
Barbie,49.99,Electronics,Coffee for sale
Valentine,4.29,Food - Soups,Coffee for sale
Leslie,19.99,Outdoor,Coffee for sale
Natty,3.59,Food - Grains,Coffee for sale
Clay,22.99,Health,Coffee for sale
Tobi,4.29,Food - Baking,Coffee for sale
Berty,199.99,Furniture,Coffee for sale
Stoddard,49.99,Health,Coffee for sale
Bobby,49.99,Clothing - Footwear,Coffee for sale
Timotheus,8.99,Food - Meat,Coffee for sale
Mikkel,19.99,Kitchen,Coffee for sale
Reinwald,39.99,Home Improvement,Coffee for sale
Faythe,49.99,Clothing - Bottoms,Coffee for sale
Timotheus,18.99,Fitness,Coffee for sale
Gregoire,39.99,Pets,Coffee for sale
Griz,24.99,Fitness,Coffee for sale
Ivette,109.99,Outdoor,Coffee for sale
Dorine,4.49,Food - Prepared Meals,Coffee for sale
Leoine,15.99,Electronics,Coffee for sale
Timmi,24.99,Automotive,Coffee for sale
Cletis,14.99,Home,Coffee for sale
Spense,45,Garden,Coffee for sale
Manolo,29.99,Home,Coffee for sale
Ofella,4.29,Food - Snacks,Coffee for sale
Anne,109.99,Pets,Coffee for sale
Sibel,89.99,Photography,Coffee for sale
Tori,2.79,Food - Condiments,Coffee for sale
Trisha,2.69,Food - Bakery,Coffee for sale
Shae,69.99,Outdoor,Coffee for sale
Pavia,2.29,Food - Frozen,Coffee for sale
Umeko,29.99,Home,Coffee for sale
Lothario,79.99,Clothing - Outerwear,Coffee for sale
Brnaba,49.99,Outdoor,Coffee for sale
Cchaddie,5.49,Food - Breakfast,Coffee for sale
Shari,7.99,Food - Canned Soups,Coffee for sale
Audry,4.19,Food - Snacks,Coffee for sale
Eduard,69.99,Gaming,Coffee for sale
Aurel,24.99,Pets,Coffee for sale
Tamma,34.99,Kitchen,Coffee for sale
Gloria,3.29,Food - Snacks,Coffee for sale
Shoshanna,34.99,Office,Coffee for sale
Eileen,1.99,Food - Spices,Coffee for sale
Alikee,15.99,Kitchen,Coffee for sale
Levin,34.99,Clothing - Bottoms,Coffee for sale
Torrance,12.99,Food - Frozen Meals,Coffee for sale
Kristyn,4.79,Food - Breakfast,Coffee for sale
Auguste,3.79,Food - Condiments,Coffee for sale
Alida,5.29,Food - Salads,Coffee for sale
Eolanda,199.99,Home Security,Coffee for sale
Sibbie,44.99,Clothing - Bottoms,Coffee for sale
Bobette,2.99,Food - Snacks,Coffee for sale
Lorna,199.99,Electronics,Coffee for sale
Hazel,24.99,Pets,Coffee for sale
Meyer,59.99,Pets,Coffee for sale
Tami,2.49,Food - Condiments,Coffee for sale
Winifield,15.99,Kitchen,Coffee for sale
Kristy,4.99,Food - Spices,Coffee for sale
Cinda,15.99,Kitchen,Coffee for sale
Brennan,39.99,Pets,Coffee for sale
Der,1.99,Food - Frozen Meals,Coffee for sale
Aldo,39.99,Health,Coffee for sale
Lia,3.49,Food - Snacks,Coffee for sale
Fonzie,4.49,Food - Beverages,Coffee for sale
Weston,29.99,Kitchen,Coffee for sale
Madlen,19.99,Clothing - Accessories,Coffee for sale
Artemis,39.99,Fitness,Coffee for sale
Sibyl,3.99,Food - Dairy,Coffee for sale
Dayle,2.49,Food - Baking,Coffee for sale
Corny,2.49,Food - Cooking Essentials,Coffee for sale
Harmonia,9.99,Home,Coffee for sale
Dorothea,5.49,Food - Vegetarian,Coffee for sale
Dania,39.99,Kitchen,Coffee for sale
Davon,10.99,Pets,Coffee for sale
Maire,4.99,Food - Frozen Desserts,Coffee for sale
Terrance,79.99,Footwear,Coffee for sale
Georgena,29.99,Fitness,Coffee for sale
Bryon,49.99,Outdoor,Coffee for sale
Jimmie,34.99,Kitchen,Coffee for sale
Kennett,4.29,Food - Breakfast,Coffee for sale
Naomi,69.99,Home,Coffee for sale
Francis,3.29,Food - Condiments,Coffee for sale
Carmelita,69.99,Audio,Coffee for sale
Deeanne,24.99,Garden,Coffee for sale
Sara,3.99,Food - Bakery,Coffee for sale
Robinetta,3.99,Food - Condiments,Coffee for sale
Melloney,29.99,Kitchen,Coffee for sale
Jess,4.99,Food - Bakery,Coffee for sale
Ulrica,79.99,Electronics,Coffee for sale
Niven,14.99,Accessories,Coffee for sale
Felice,79.99,Clothing - Footwear,Coffee for sale
Felice,99.99,Computers,Coffee for sale
Pauli,29.99,Kitchen,Coffee for sale
Lew,29.99,Kitchen,Coffee for sale
Onfre,29.99,Travel,Coffee for sale
Cynthea,39.99,Home,Coffee for sale
Elsey,1.49,Food - Baking,Coffee for sale
Annamaria,4.89,Food - Baking,Coffee for sale
Albrecht,19.99,Toys,Coffee for sale
Kele,5.99,Food - Snacks,Coffee for sale
Sidnee,89.99,Kitchen,Coffee for sale
Bria,7.49,Food - Frozen Meals,Coffee for sale
Westleigh,39.99,Pets,Coffee for sale
Eda,4.99,Food - Dairy Alternatives,Coffee for sale
Hubert,8.99,Food - Cheese,Coffee for sale
Enos,2.49,Food - Snacks,Coffee for sale
Cissiee,8.99,Food - Oils,Coffee for sale
Marnia,169.99,Smart Home,Coffee for sale
Celie,12.99,Electronics,Coffee for sale
Sonny,15.99,Kitchen,Coffee for sale
Tabby,4.49,Food - Snacks,Coffee for sale
Agretha,14.99,Photography,Coffee for sale
Ellen,2.99,Food - Bakery,Coffee for sale
Lula,3.99,Food - Breakfast,Coffee for sale
Seth,3.49,Food - Beverages,Coffee for sale
Gary,3.99,Food - Beverages,Coffee for sale
Cully,24.99,Home,Coffee for sale
Albie,149.99,Smart Home,Coffee for sale
Marv,5.99,Food - Dips,Coffee for sale
Berke,49.99,Fitness,Coffee for sale
Ajay,1.99,Food - Dairy Alternatives,Coffee for sale
Jonas,3.49,Food - Beverages,Coffee for sale
Darby,14.99,Kitchen,Coffee for sale
Cash,4.49,Food - Vegetables,Coffee for sale
Cristina,3.99,Food - Beverages,Coffee for sale
Friederike,1.99,Food - Condiments,Coffee for sale
Angelique,34.99,Electronics,Coffee for sale
Hanny,4.59,Food - Bakery,Coffee for sale
Alard,2.29,Food - Dips,Coffee for sale
Piotr,89.99,Kitchen,Coffee for sale
Corella,2.79,Food - Condiments,Coffee for sale
Geneva,19.99,Office,Coffee for sale
Emmye,69.99,Home,Coffee for sale
Wylie,6.99,Food - Frozen Foods,Coffee for sale
Bliss,89.99,Clothing - Jumpsuits,Coffee for sale
Lev,4.29,Food - Breakfast,Coffee for sale
Daniella,4.99,Food - Salads,Coffee for sale
Benito,4.49,Food - Salads,Coffee for sale
Kaye,5.29,Food - Snacks,Coffee for sale
Olav,39.99,Pets,Coffee for sale
Cassey,2.39,Food - Grains,Coffee for sale
Nobie,34.99,Clothing - Activewear,Coffee for sale
Itch,3.89,Food - Soups,Coffee for sale
Pietra,4.99,Food - Snacks,Coffee for sale
Ethel,39.99,Kitchen,Coffee for sale
Letty,1.99,Food - Spices,Coffee for sale
Doloritas,99.99,Accessories,Coffee for sale
Lilas,5.49,Food - Vegetarian,Coffee for sale
Leonid,3.99,Food - Condiments,Coffee for sale
Roxy,24.99,Kitchen,Coffee for sale
Darren,2.79,Food - Confectionery,Coffee for sale
Daisi,24.99,Garden,Coffee for sale
Vito,19.99,Home,Coffee for sale
Pail,2.99,Food - Frozen Foods,Coffee for sale
Trever,2.49,Food - Condiments,Coffee for sale
Giavani,3.49,Food - Snacks,Coffee for sale
Lonee,3.79,Food - Condiments,Coffee for sale
Angel,39.99,Pets,Coffee for sale
Happy,2.69,Food - Dairy,Coffee for sale
Cristian,19.99,Home,Coffee for sale
Julissa,6.49,Food - Snacks,Coffee for sale
Urbano,1.79,Food - Sides,Coffee for sale
Ian,1.99,Food - Canned Goods,Coffee for sale
Charmine,34.99,Smart Home,Coffee for sale
Emmet,29.99,Fitness,Coffee for sale
Marney,9.99,Food - Meat,Coffee for sale
Elwira,1.99,Food - Dairy Alternatives,Coffee for sale
Nikoletta,2.99,Food - Produce,Coffee for sale
Paolina,5.59,Food - Baking,Coffee for sale
Emlynne,59.99,Audio,Coffee for sale
Dorri,1.49,Food - Produce,Coffee for sale
Cynde,2.99,Food - Snacks,Coffee for sale
Vonni,29.99,Home,Coffee for sale
Lamar,24.99,Toys,Coffee for sale
Lannie,2.19,Food - Canned Goods,Coffee for sale
Ardelis,19.99,Office,Coffee for sale
Annette,39.99,Pets,Coffee for sale
Dar,45.99,Home Appliances,Coffee for sale
Bale,18.99,Garden,Coffee for sale
Latashia,2.49,Food - Canned Goods,Coffee for sale
Abbey,12.99,Safety,Coffee for sale
Pearla,3.99,Food - Frozen Foods,Coffee for sale
Marchall,39.99,Home,Coffee for sale
Farlay,24.99,Kitchen,Coffee for sale
Cyrillus,2.99,Food - Dairy,Coffee for sale
Conchita,4.19,Food - Snacks,Coffee for sale
Jolee,1.49,Food - Produce,Coffee for sale
Haley,49.99,Health,Coffee for sale
Fionna,24.99,Accessories,Coffee for sale
Felicia,19.99,Music,Coffee for sale
Cynthea,3.49,Food - Grains,Coffee for sale
Deni,6.49,Food - Frozen Food,Coffee for sale
Rockie,79.99,Baby,Coffee for sale
Elianore,29.99,Outdoor,Coffee for sale
Jonas,19.99,Accessories,Coffee for sale
Rebecka,3.79,Food - Dried Fruits,Coffee for sale
Henrieta,39.99,Computers,Coffee for sale
Giovanna,14.99,Photography,Coffee for sale
Scarface,49.99,Outdoor,Coffee for sale
Nessy,3.79,Food - Condiments,Coffee for sale
Olivette,44.99,Clothing,Coffee for sale
Rosalie,4.49,Food - Grains,Coffee for sale
Alexis,39.99,Garden,Coffee for sale
Dale,29.99,Toys,Coffee for sale
Peggi,12.99,Books,Coffee for sale
Rance,14.99,Toys,Coffee for sale
Brook,2.99,Food - Breakfast,Coffee for sale
Jessica,39.99,Electronics,Coffee for sale
Gwen,4.29,Food - Frozen Foods,Coffee for sale
Margery,6.49,Food - Prepared Meals,Coffee for sale
Janina,3.79,Food - Beverages,Coffee for sale
Fara,6.49,Food - Meats,Coffee for sale
Ragnar,3.99,Food - Vegetables,Coffee for sale
Brandyn,5.99,Food - Snacks,Coffee for sale
Sidonia,5.99,Food - Frozen Foods,Coffee for sale
Bella,15.99,Fitness,Coffee for sale
Ermina,24.99,Outdoor,Coffee for sale
Lon,4.99,Food - Spices,Coffee for sale
Kris,39.99,Beauty,Coffee for sale
Hedy,17.99,Home,Coffee for sale
Aleksandr,99.99,Kitchen,Coffee for sale
Fidelity,5.99,Office,Coffee for sale
Homer,5.49,Food - Breakfast,Coffee for sale
Kip,29.99,Clothing - Tops,Coffee for sale
Doroteya,12.99,Kitchen,Coffee for sale
Beatriz,4.99,Food - Spices,Coffee for sale
Sybyl,9.49,Food - Bakery,Coffee for sale
Cristen,9.99,Kitchen,Coffee for sale
Dyane,7.49,Food - Meat,Coffee for sale
Eugine,34.99,Garden,Coffee for sale
Magdalen,25.99,Home,Coffee for sale
Margie,15.99,Garden,Coffee for sale
Hogan,349.99,Outdoor,Coffee for sale
Rosalind,14.99,Office,Coffee for sale
Rosa,4.89,Food - Frozen Fruits,Coffee for sale
Peggi,29.99,Clothing - Activewear,Coffee for sale
Cherin,3.99,Food - Bakery,Coffee for sale
Caitrin,24.99,Garden,Coffee for sale
Jud,49.99,Clothing - Shirts,Coffee for sale
Lorelei,1.99,Food - Produce,Coffee for sale
Katy,25.99,Art Supplies,Coffee for sale
Flossi,22.99,Home,Coffee for sale
Laverne,9.99,Food - Beverages,Coffee for sale
Brigitte,14.99,Health,Coffee for sale
Odessa,34.99,Clothing - Tops,Coffee for sale
Chandler,12.99,Travel,Coffee for sale
Marlo,2.49,Food - Bakery,Coffee for sale
Kile,2.29,Food - Grains,Coffee for sale
Elliott,19.99,Health,Coffee for sale
Cal,4.29,Food - Condiments,Coffee for sale
Giuseppe,4.99,Food - Protein,Coffee for sale
Hana,29.99,Food,Coffee for sale
Marylee,69.99,Outdoor,Coffee for sale
Virginia,34.99,Home,Coffee for sale
Meris,17.99,Home,Coffee for sale
Annadiana,2.49,Food - Canned Goods,Coffee for sale
Reidar,89.99,Home,Coffee for sale
Shantee,34.99,Home,Coffee for sale
Jaquelyn,7.99,Food - Frozen Foods,Coffee for sale
Brnaby,129.99,Toys,Coffee for sale
Patin,4.49,Food - Vegetables,Coffee for sale
Nichol,3.99,Food - Bakery,Coffee for sale
Archer,3.29,Food - Snacks,Coffee for sale
Durante,34.99,Home,Coffee for sale
Wes,59.99,Outdoor,Coffee for sale
Dredi,4.99,Food - Frozen Foods,Coffee for sale
Nicolas,24.99,Kitchen,Coffee for sale
Lynde,45.99,Home Appliances,Coffee for sale
Valli,19.99,Electronics,Coffee for sale
Nari,79.99,Clothing - Dresses,Coffee for sale
Nolie,6.49,Food - Meats,Coffee for sale
Dolli,4.09,Food - Condiments,Coffee for sale
Filmer,3.49,Food - Canned Goods,Coffee for sale
Dolf,29.99,Kitchen,Coffee for sale
Harper,59.99,Toys,Coffee for sale
Moss,14.99,Health,Coffee for sale
Reg,3.49,Food - Snacks,Coffee for sale
Temple,29.99,Travel,Coffee for sale
Reese,3.99,Food - Condiments,Coffee for sale
Molli,4.99,Food - Salads,Coffee for sale
Rollie,5.99,Food - Prepared Meals,Coffee for sale
Herculie,3.99,Food - Condiments,Coffee for sale
Isaiah,12.99,Pets,Coffee for sale
Tally,3.29,Food - Snacks,Coffee for sale
Becky,4.49,Food - Prepared Meals,Coffee for sale
Isidor,5.49,Food - Meat,Coffee for sale
Emmott,4.59,Food - Snacks,Coffee for sale
Ernst,29.99,Electronics,Coffee for sale
Idaline,29.99,Home,Coffee for sale
Cecilla,12.99,Pets,Coffee for sale
Langsdon,34.99,Outdoor,Coffee for sale
Cobby,1.29,Food - Vegetables,Coffee for sale
Reynold,8.99,Food - Oils & Vinegars,Coffee for sale
Town,69.99,Clothing - Dresses,Coffee for sale
Violante,29.99,Photography,Coffee for sale
Delmore,19.99,Health,Coffee for sale
Juliet,2.99,Food - Dairy,Coffee for sale
Rodney,22.99,Office,Coffee for sale
Delores,24.99,Kitchen,Coffee for sale
Abeu,29.99,Office,Coffee for sale
Griffie,24.99,Accessories,Coffee for sale
Antonella,19.99,Art Supplies,Coffee for sale
Frannie,29.99,Outdoor,Coffee for sale
Frederick,29.99,Clothing - Shirts,Coffee for sale
Abey,19.99,Music,Coffee for sale
Kermit,39.99,Clothing - Sweaters,Coffee for sale
Mada,3.49,Food - Dairy,Coffee for sale
Veronique,16.99,Pets,Coffee for sale
Jaquelyn,3.99,Food - Bakery,Coffee for sale
Claus,15.99,Travel,Coffee for sale
Gaspar,8.99,Food - Seafood,Coffee for sale
Tod,12.99,Travel,Coffee for sale
Bettye,3.29,Food - Dips,Coffee for sale
Cora,199.99,Electronics,Coffee for sale
Hilary,29.99,Health,Coffee for sale
Randell,2.49,Food - Beverages,Coffee for sale
Austin,3.99,Food - Pasta,Coffee for sale
Remington,19.99,Clothing - Accessories,Coffee for sale
Eachelle,24.99,Electronics,Coffee for sale
Joey,2.49,Food - Bakery,Coffee for sale
Krishnah,149.99,Outdoor,Coffee for sale
Roxane,9.49,Food - Bakery,Coffee for sale
Donaugh,2.79,Food - Baking & Cooking,Coffee for sale
Kristian,29.99,Fitness,Coffee for sale
Currey,34.99,Home,Coffee for sale
Val,3.49,Food - Beverages,Coffee for sale
Reyna,3.99,Food - Snacks,Coffee for sale
Cassie,4.89,Food - Nuts,Coffee for sale
Noreen,14.99,Kitchen,Coffee for sale
Dulcy,19.99,Kitchen,Coffee for sale
Adriena,19.99,Home,Coffee for sale
Dee,129.99,Electronics,Coffee for sale
Maryellen,2.49,Food - Condiments,Coffee for sale
Roseline,1.99,Food - Spices,Coffee for sale
Mason,4.49,Food - Dairy,Coffee for sale
Randa,29.99,Outdoor,Coffee for sale
Mikol,3.19,Food - Condiments,Coffee for sale
Celinda,39.99,Toys,Coffee for sale
Christyna,6.99,Pets,Coffee for sale
Max,45,Home,Coffee for sale
Christi,2.49,Food - Snacks,Coffee for sale
Marc,14.99,Pets,Coffee for sale
Pierce,25.99,Clothing - Tops,Coffee for sale
Gayle,12.99,Kitchen,Coffee for sale
Weber,24.99,Safety,Coffee for sale
Wit,3.99,Food - Bakery,Coffee for sale
Lammond,24.99,Accessories,Coffee for sale
Oralia,4.99,Food - Bakery,Coffee for sale
Finn,3.49,Food - Beverages,Coffee for sale
Axe,89.99,Clothing - Outerwear,Coffee for sale
Gardie,39.99,Tools,Coffee for sale
Karena,5.99,Food - Frozen Foods,Coffee for sale
Chancey,2.99,Food - Soups,Coffee for sale
Mirabella,24.99,Toys,Coffee for sale
Johan,29.99,Clothing - Bottoms,Coffee for sale
Hughie,8.99,Office,Coffee for sale
Genovera,34.99,Clothing - Tops,Coffee for sale
Crystie,44.99,Pets,Coffee for sale
Abra,2.99,Food - Sides,Coffee for sale
Saunder,49.99,Outdoor,Coffee for sale
Herminia,5.49,Food - Dairy,Coffee for sale
Josh,3.49,Food - Snacks,Coffee for sale
Elsey,29.99,Outdoor,Coffee for sale
Alfons,59.99,Outdoor,Coffee for sale
Guglielma,29.99,Kitchen,Coffee for sale
Letti,39.99,Home,Coffee for sale
Marielle,3.49,Food - Canned Goods,Coffee for sale
Gareth,12.99,Home,Coffee for sale
Vassili,59.99,Clothing - Dresses,Coffee for sale
Nedi,49.99,Health,Coffee for sale
Haydon,0.75,Food - Fresh Produce,Coffee for sale
Roda,22.99,Outdoor,Coffee for sale
Elspeth,5.99,Food - Baking,Coffee for sale
Malorie,4.99,Food - Sauces,Coffee for sale
Virgie,4.99,Food - Frozen Foods,Coffee for sale
Emilia,2.99,Food - Snacks,Coffee for sale
Miof mela,99.99,Fitness,Coffee for sale
Therese,29.99,Toys,Coffee for sale
Kipp,49.99,Accessories,Coffee for sale
Bearnard,39.99,Fitness,Coffee for sale
Tomaso,39.99,Bathroom,Coffee for sale
Iggie,39.99,Tools,Coffee for sale
Dermot,3.99,Food - Snacks,Coffee for sale
Grethel,34.99,Home,Coffee for sale
Abigail,8.99,Food - Meat,Coffee for sale
Emlynne,29.99,Beauty,Coffee for sale
Sophie,89.99,Footwear,Coffee for sale
Dacey,3.29,Food - Condiments,Coffee for sale
Allis,18.99,Garden,Coffee for sale
Garnette,4.49,Food - Breakfast,Coffee for sale
Eran,39.99,Kitchen,Coffee for sale
Saundra,8.99,Food - Nuts,Coffee for sale
Wilburt,69.99,Audio,Coffee for sale
Luz,18.99,Garden,Coffee for sale
Colver,4.99,Food - Frozen Foods,Coffee for sale
Val,79.99,Home,Coffee for sale
Reuben,12.99,Kitchen,Coffee for sale
Trevor,2.99,Food - Snacks,Coffee for sale
Flora,7.99,Food - Condiments,Coffee for sale
Paul,5.99,Food - Baking,Coffee for sale
Bertine,2.29,Food - Desserts,Coffee for sale
Aland,2.99,Food - Breakfast,Coffee for sale
Florence,6.49,Food - Prepared Foods,Coffee for sale
Maurizia,14.99,Fitness,Coffee for sale
Clarissa,5.49,Food - Prepared Meals,Coffee for sale
Welsh,39.99,Kitchen,Coffee for sale
Lance,34.99,Smart Home,Coffee for sale
Kaitlyn,14.99,Kitchen,Coffee for sale
Claus,19.99,Clothing - Tops,Coffee for sale
Rosa,4.99,Food - Baking,Coffee for sale
Emmalee,12.99,Kitchen,Coffee for sale
Langsdon,10.99,Pets,Coffee for sale
Wait,2.99,Food - Beverages,Coffee for sale
Cthrine,19.99,Home,Coffee for sale
Gwen,39.99,Kitchen,Coffee for sale
Vallie,69.99,Clothing - Footwear,Coffee for sale
Roanne,29.99,Health,Coffee for sale
Yorgos,18.99,Home,Coffee for sale
Lennie,1.49,Food - Baking,Coffee for sale
Amata,169.99,Electronics,Coffee for sale
Aldric,29.99,Beauty,Coffee for sale
Sharon,24.99,Clothing - Accessories,Coffee for sale
Lance,4.49,Food - Condiments,Coffee for sale
Vernon,2.99,Food - Canned Goods,Coffee for sale
Camille,14.99,Garden,Coffee for sale
Den,19.99,Home,Coffee for sale
Nicol,1.5,Food - Beverages,Coffee for sale
Ephraim,1.29,Food - Canned Goods,Coffee for sale
Donny,3.49,Food - Condiments,Coffee for sale
Sal,4.49,Food - Condiments,Coffee for sale
Dari,14.99,Kitchen,Coffee for sale
Pollyanna,45,Garden,Coffee for sale
Karim,12.99,Pets,Coffee for sale
Harald,19.99,Outdoor,Coffee for sale
Delilah,1.99,Food - Fruits,Coffee for sale
Georgena,3.79,Food - Cereals,Coffee for sale
Bree,3.99,Food - Canned Soups,Coffee for sale
Thomasa,34.99,Health,Coffee for sale
Angil,2.99,Food - Frozen Foods,Coffee for sale
Vance,34.99,Outdoor,Coffee for sale
Paolina,3.59,Food - Condiments,Coffee for sale
Kurtis,24.99,Health,Coffee for sale
Lorne,9.99,Pets,Coffee for sale
Hattie,4.99,Food - Pasta,Coffee for sale
Mariquilla,2.49,Food - Snacks,Coffee for sale
Tawnya,39.99,Computers,Coffee for sale
Saleem,3.99,Food - Snacks,Coffee for sale
Kass,249.99,Photography,Coffee for sale
Rurik,3.29,Food - Condiments,Coffee for sale
Robby,14.99,Kitchen,Coffee for sale
Ailina,79.99,Kitchen,Coffee for sale
Marianne,4.49,Food - Dairy,Coffee for sale
Pietra,39.99,Kitchen,Coffee for sale
Evania,4.29,Food - Cereal,Coffee for sale
Lynne,29.99,Toys,Coffee for sale
Floris,4.99,Food - Salads,Coffee for sale
Edgardo,12.99,Automotive,Coffee for sale
Zilvia,7.99,Food - Health Foods,Coffee for sale
Nissa,69.99,Pets,Coffee for sale
Frans,29.99,Home,Coffee for sale
Blanca,1.89,Food - Pasta,Coffee for sale
Nanete,6.29,Food - Freezer,Coffee for sale
Aprilette,3.79,Food - Condiments,Coffee for sale
Hanan,39.99,Health,Coffee for sale
Vanny,3.99,Food - Snacks,Coffee for sale
Dody,18.99,Pets,Coffee for sale
Davine,6.29,Food - Desserts,Coffee for sale
Patricia,3.79,Food - Marinades,Coffee for sale
Ollie,14.99,Health,Coffee for sale
Krystyna,129.99,Clothing - Outerwear,Coffee for sale
Ransell,199.99,Home Appliances,Coffee for sale
Siusan,1.99,Food - Frozen Meals,Coffee for sale
Jamill,29.99,Home,Coffee for sale
Curtis,34.99,Clothing - Tops,Coffee for sale
Benni,3.99,Food - Condiments,Coffee for sale
Lelah,59.99,Clothing - Loungewear,Coffee for sale
Laurie,4.99,Food - Frozen Foods,Coffee for sale
Feliza,19.99,Books,Coffee for sale
Cass,24.99,Kitchen,Coffee for sale
Bertine,199.99,Photography,Coffee for sale
Aida,15.99,Kitchen,Coffee for sale
Adorne,5.79,Food - Canned Goods,Coffee for sale
Addie,22.99,Kitchen,Coffee for sale
Amelia,24.99,Accessories,Coffee for sale
Conrade,79.99,Food,Coffee for sale
Lancelot,2.99,Food - Baking & Cooking,Coffee for sale
Ashley,19.99,Gaming,Coffee for sale
Felic,29.99,Accessories,Coffee for sale
Bobbie,2.49,Food - Canned Goods,Coffee for sale
Edythe,4.49,Food - Condiments,Coffee for sale
Jen,34.99,Fitness,Coffee for sale
Elizabeth,12.99,Fitness,Coffee for sale
Margarete,6.99,Food - Nuts,Coffee for sale
Halsey,24.99,Food - Supplements,Coffee for sale
Dolley,14.99,Clothing - Tops,Coffee for sale
Marnia,3.99,Food - Bakery,Coffee for sale
Riobard,7.99,Food - Frozen Foods,Coffee for sale
Nicoli,10.99,Food - Meat,Coffee for sale
Sandye,1.29,Food - Canned Goods,Coffee for sale
Jacqui,129.99,Electronics,Coffee for sale
Seward,15.99,Kitchen,Coffee for sale
Franny,49.99,Clothing - Outerwear,Coffee for sale
Edik,29.99,Art Supplies,Coffee for sale
Stephannie,24.99,Accessories,Coffee for sale
Adiana,9.99,Accessories,Coffee for sale
Bale,29.99,Photography,Coffee for sale
Winston,4.29,Food - Frozen Foods,Coffee for sale
Israel,29.99,Clothing - Footwear,Coffee for sale
Zackariah,0.79,Food - Produce,Coffee for sale
Mariquilla,4.19,Food - Snacks,Coffee for sale
Myrtice,22.99,Garden,Coffee for sale
Ingrim,4.99,Food - Bakery,Coffee for sale
Mariellen,3.99,Food - Condiments,Coffee for sale
Andrus,2.99,Food - Bakery,Coffee for sale
Ambur,5.99,Food - Prepared Foods,Coffee for sale
Kaitlynn,3.29,Food - Grains,Coffee for sale
Minnie,39.99,Clothing - Activewear,Coffee for sale
Carol,3.99,Food - Snacks,Coffee for sale
Rhianna,12.99,Food - Snacks,Coffee for sale
Enriqueta,1.99,Food - Vegetables,Coffee for sale
Johanna,3.49,Food - Canned Goods,Coffee for sale
Garald,1.89,Food - Produce,Coffee for sale
Tobias,3.99,Food - Prepared Foods,Coffee for sale
Zea,3.99,Food - Sauces,Coffee for sale
